<?xml version="1.0"?>
<!--<!DOCTYPE metadata SYSTEM "http://www.esri.com/metadata/esriprof80.dtd">-->
<metadata xml:lang="en"><Esri><MetaID>{7DD1C64E-51A0-4971-A0C2-2EB3A769E488}</MetaID><CreaDate>20141204</CreaDate><CreaTime>14261200</CreaTime><SyncOnce>TRUE</SyncOnce><DataProperties><lineage><Process ToolSource="C:\Program Files (x86)\ArcGIS\ArcToolbox\Toolboxes\Data Management Tools.tbx\CreateFeatureclass" Date="20141204" Time="142612">CreateFeatureclass "D:\Departemen Statistika\Pengajaran\Materi\Spatial Statistics\Materi Final 2014\Pertemuan 5\Map of Jawa (original)" jawa_MeanCenter.shp POINT # DISABLED DISABLED "GEOGCS['unnamed ellipse',DATUM['D_unknown',SPHEROID['Unknown',6378137.0,298.257222101]],PRIMEM['Greenwich',0.0],UNIT['Degree',0.0174532925199433]];-400 -400 1111948742.96404;#;#;8.98315284119521E-09;#;#;IsHighPrecision" # 0 0 0 "D:\Departemen Statistika\Pengajaran\Materi\Spatial Statistics\Materi Final 2014\Pertemuan 5\Map of Jawa (original)\jawa_MeanCenter.shp"</Process><Process ToolSource="C:\Program Files (x86)\ArcGIS\ArcToolbox\Toolboxes\Data Management Tools.tbx\AddField" Date="20141204" Time="142612">AddField "D:\Departemen Statistika\Pengajaran\Materi\Spatial Statistics\Materi Final 2014\Pertemuan 5\Map of Jawa (original)\jawa_MeanCenter.shp" XCoord FLOAT # # # # NON_NULLABLE NON_REQUIRED # "D:\Departemen Statistika\Pengajaran\Materi\Spatial Statistics\Materi Final 2014\Pertemuan 5\Map of Jawa (original)\jawa_MeanCenter.shp"</Process><Process ToolSource="C:\Program Files (x86)\ArcGIS\ArcToolbox\Toolboxes\Data Management Tools.tbx\AddField" Date="20141204" Time="142612">AddField "D:\Departemen Statistika\Pengajaran\Materi\Spatial Statistics\Materi Final 2014\Pertemuan 5\Map of Jawa (original)\jawa_MeanCenter.shp" YCoord FLOAT # # # # NON_NULLABLE NON_REQUIRED # "D:\Departemen Statistika\Pengajaran\Materi\Spatial Statistics\Materi Final 2014\Pertemuan 5\Map of Jawa (original)\jawa_MeanCenter.shp"</Process><Process ToolSource="C:\Program Files (x86)\ArcGIS\ArcToolbox\Toolboxes\Spatial Statistics Tools.tbx\MeanCenter" Date="20141204" Time="142612">MeanCenter jawa "D:\Departemen Statistika\Pengajaran\Materi\Spatial Statistics\Materi Final 2014\Pertemuan 5\Map of Jawa (original)\jawa_MeanCenter.shp" # # #</Process></lineage></DataProperties></Esri></metadata>
